001	Bulbasaur	Grass	Poison	45	49	49	65	65	45
002	Ivysaur	Grass	Poison	60	62	63	80	80	60
003	Venusaur	Grass	Poison	80	82	83	100	100	80
003-Mega	Venusaur - Mega	Grass	Poison	80	100	123	122	120	80
004	Charmander	Fire	N/A	39	52	43	60	50	65
005	Charmeleon	Fire	N/A	58	64	58	80	65	80
006	Charizard	Fire	Flying	78	84	78	109	85	100
006-Mega X	Charizard - Mega X	Fire	Dragon	78	130	111	130	85	100
006-Mega Y	Charizard - Mega Y	Fire	Flying	78	104	78	159	115	100
007	Squirtle	Water	N/A	44	48	65	50	64	43
008	Wartortle	Water	N/A	59	63	80	65	80	58
009	Blastoise	Water	N/A	79	83	100	85	105	78
009-Mega	Blastoise - Mega	Water	N/A	79	103	120	135	115	78
010	Caterpie	Bug	N/A	45	30	35	20	20	45
011	Metapod	Bug	N/A	50	20	55	25	25	30
012	Butterfree	Bug	Flying	60	45	50	90	80	70
013	Weedle	Bug	Poison	40	35	30	20	20	50
014	Kakuna	Bug	Poison	45	25	50	25	25	35
015	Beedrill	Bug	Poison	65	90	40	45	80	75
016	Pidgey	Normal	Flying	40	45	40	35	35	56
017	Pidgeotto	Normal	Flying	63	60	55	50	50	71
018	Pidgeot	Normal	Flying	83	80	75	70	70	101
019	Rattata	Normal	N/A	30	56	35	25	35	72
020	Raticate	Normal	N/A	55	81	60	50	70	97
021	Spearow	Normal	Flying	40	60	30	31	31	70
022	Fearow	Normal	Flying	65	90	65	61	61	100
023	Ekans	Poison	N/A	35	60	44	40	54	55
024	Arbok	Poison	N/A	60	85	69	65	79	80
025	Pikachu	Electric	N/A	35	55	40	50	50	90
026	Raichu	Electric	N/A	60	90	55	90	80	110
027	Sandshrew	Ground	N/A	50	75	85	20	30	40
028	Sandslash	Ground	N/A	75	100	110	45	55	65
029	Nidoran♀	Poison	N/A	55	47	52	40	40	41
030	Nidorina	Poison	N/A	70	62	67	55	55	56
031	Nidoqueen	Poison	Ground	90	92	87	75	85	76
032	Nidoran♂	Poison	N/A	46	57	40	40	40	50
033	Nidorino	Poison	N/A	61	72	57	55	55	65
034	Nidoking	Poison	Ground	81	102	77	85	75	85
035	Clefairy	Fairy	N/A	70	45	48	60	65	35
036	Clefable	Fairy	N/A	95	70	73	95	90	60
037	Vulpix	Fire	N/A	38	41	40	50	65	65
038	Ninetales	Fire	N/A	73	76	75	81	100	100
039	Jigglypuff	Normal	Fairy	115	45	20	45	25	20
040	Wigglytuff	Normal	Fairy	140	70	45	85	50	45
041	Zubat	Poison	Flying	40	45	35	30	40	55
042	Golbat	Poison	Flying	75	80	70	65	75	90
043	Oddish	Grass	Poison	45	50	55	75	65	30
044	Gloom	Grass	Poison	60	65	70	85	75	40
045	Vileplume	Grass	Poison	75	80	85	110	90	50
046	Paras	Bug	Grass	35	70	55	45	55	25
047	Parasect	Bug	Grass	60	95	80	60	80	30
048	Venonat	Bug	Poison	60	55	50	40	55	45
049	Venomoth	Bug	Poison	70	65	60	90	75	90
050	Diglett	Ground	N/A	10	55	25	35	45	95
051	Dugtrio	Ground	N/A	35	80	50	50	70	120
052	Meowth	Normal	N/A	40	45	35	40	40	90
053	Persian	Normal	N/A	65	70	60	65	65	115
054	Psyduck	Water	N/A	50	52	48	65	50	55
055	Golduck	Water	N/A	80	82	78	95	80	85
056	Mankey	Fighting	N/A	40	80	35	35	45	70
057	Primeape	Fighting	N/A	65	105	60	60	70	95
058	Growlithe	Fire	N/A	55	70	45	70	50	60
059	Arcanine	Fire	N/A	90	110	80	100	80	95
060	Poliwag	Water	N/A	40	50	40	40	40	90
061	Poliwhirl	Water	N/A	65	65	65	50	50	90
062	Poliwrath	Water	Fighting	90	95	95	70	90	70
063	Abra	Psychic	N/A	25	20	15	105	55	90
064	Kadabra	Psychic	N/A	40	35	30	120	70	105
065	Alakazam	Psychic	N/A	55	50	45	135	95	120
065-Mega	Alakazam - Mega	Psychic	N/A	55	50	65	175	95	150
066	Machop	Fighting	N/A	70	80	50	35	35	35
067	Machoke	Fighting	N/A	80	100	70	50	60	45
068	Machamp	Fighting	N/A	90	130	80	65	85	55
069	Bellsprout	Grass	Poison	50	75	35	70	30	40
070	Weepinbell	Grass	Poison	65	90	50	85	45	55
071	Victreebel	Grass	Poison	80	105	65	100	70	70
072	Tentacool	Water	Poison	40	40	35	50	100	70
073	Tentacruel	Water	Poison	80	70	65	80	120	100
074	Geodude	Rock	Ground	40	80	100	30	30	20
075	Graveler	Rock	Ground	55	95	115	45	45	35
076	Golem	Rock	Ground	80	120	130	55	65	45
077	Ponyta	Fire	N/A	50	85	55	65	65	90
078	Rapidash	Fire	N/A	65	100	70	80	80	105
079	Slowpoke	Water	Psychic	90	65	65	40	40	15
080	Slowbro	Water	Psychic	95	75	110	100	80	30
081	Magnemite	Electric	Steel	25	35	70	95	55	45
082	Magneton	Electric	Steel	50	60	95	120	70	70
083	Farfetch'd	Normal	Flying	52	65	55	58	62	60
084	Doduo	Normal	Flying	35	85	45	35	35	75
085	Dodrio	Normal	Flying	60	110	70	60	60	100
086	Seel	Water	N/A	65	45	55	45	70	45
087	Dewgong	Water	Ice	90	70	80	70	95	70
088	Grimer	Poison	N/A	80	80	50	40	50	25
089	Muk	Poison	N/A	105	105	75	65	100	50
090	Shellder	Water	N/A	30	65	100	45	25	40
091	Cloyster	Water	Ice	50	95	180	85	45	70
092	Gastly	Ghost	Poison	30	35	30	100	35	80
093	Haunter	Ghost	Poison	45	50	45	115	55	95
094	Gengar	Ghost	Poison	60	65	60	130	75	110
094-Mega	Gengar - Mega	Ghost	Poison	60	65	80	170	95	130
095	Onix	Rock	Ground	35	45	160	30	45	70
096	Drowzee	Psychic	N/A	60	48	45	43	90	42
097	Hypno	Psychic	N/A	85	73	70	73	115	67
098	Krabby	Water	N/A	30	105	90	25	25	50
099	Kingler	Water	N/A	55	130	115	50	50	75
100	Voltorb	Electric	N/A	40	30	50	55	55	100
101	Electrode	Electric	N/A	60	50	70	80	80	140
102	Exeggcute	Grass	Psychic	60	40	80	60	45	40
103	Exeggutor	Grass	Psychic	95	95	85	125	65	55
104	Cubone	Ground	N/A	50	50	95	40	50	35
105	Marowak	Ground	N/A	60	80	110	50	80	45
106	Hitmonlee	Fighting	N/A	50	120	53	35	110	87
107	Hitmonchan	Fighting	N/A	50	105	79	35	110	76
108	Lickitung	Normal	N/A	90	55	75	60	75	30
109	Koffing	Poison	N/A	40	65	95	60	45	35
110	Weezing	Poison	N/A	65	90	120	85	70	60
111	Rhyhorn	Ground	Rock	80	85	95	30	30	25
112	Rhydon	Ground	Rock	105	130	120	45	45	40
113	Chansey	Normal	N/A	250	5	5	35	105	50
114	Tangela	Grass	N/A	65	55	115	100	40	60
115	Kangaskhan	Normal	N/A	105	95	80	40	80	90
115-Mega	Kangaskhan - Mega	Normal	N/A	105	125	100	60	100	100
116	Horsea	Water	N/A	30	40	70	70	25	60
117	Seadra	Water	N/A	55	65	95	95	45	85
118	Goldeen	Water	N/A	45	67	60	35	50	63
119	Seaking	Water	N/A	80	92	65	65	80	68
120	Staryu	Water	N/A	30	45	55	70	55	85
121	Starmie	Water	Psychic	60	75	85	100	85	115
122	Mr. Mime	Psychic	Fairy	40	45	65	100	120	90
123	Scyther	Bug	Flying	70	110	80	55	80	105
124	Jynx	Ice	Psychic	65	50	35	115	95	95
125	Electabuzz	Electric	N/A	65	83	57	95	85	105
126	Magmar	Fire	N/A	65	95	57	100	85	93
127	Pinsir	Bug	N/A	65	125	100	55	70	85
127-Mega	Pinsir - Mega	Bug	Flying	65	155	120	65	90	105
128	Tauros	Normal	N/A	75	100	95	40	70	110
129	Magikarp	Water	N/A	20	10	55	15	20	80
130	Gyarados	Water	Flying	95	125	79	60	100	81
130-Mega	Gyarados - Mega	Water	Dark	95	155	109	70	130	81
131	Lapras	Water	Ice	130	85	80	85	95	60
132	Ditto	Normal	N/A	48	48	48	48	48	48
133	Eevee	Normal	N/A	55	55	50	45	65	55
134	Vaporeon	Water	N/A	130	65	60	110	95	65
135	Jolteon	Electric	N/A	65	65	60	110	95	130
136	Flareon	Fire	N/A	65	130	60	95	110	65
137	Porygon	Normal	N/A	65	60	70	85	75	40
138	Omanyte	Rock	Water	35	40	100	90	55	35
139	Omastar	Rock	Water	70	60	125	115	70	55
140	Kabuto	Rock	Water	30	80	90	55	45	55
141	Kabutops	Rock	Water	60	115	105	65	70	80
142	Aerodactyl	Rock	Flying	80	105	65	60	75	130
142-Mega	Aerodactyl - Mega	Rock	Flying	80	135	85	70	95	150
143	Snorlax	Normal	N/A	160	110	65	65	110	30
144	Articuno	Ice	Flying	90	85	100	95	125	85
145	Zapdos	Electric	Flying	90	90	85	125	90	100
146	Moltres	Fire	Flying	90	100	90	125	85	90
147	Dratini	Dragon	N/A	41	64	45	50	50	50
148	Dragonair	Dragon	N/A	61	84	65	70	70	70
149	Dragonite	Dragon	Flying	91	134	95	100	100	80
150	Mewtwo	Psychic	N/A	106	110	90	154	90	130
150-Mega X	Mewtwo - Mega X	Psychic	Fighting	106	190	100	154	100	130
150-Mega Y	Mewtwo - Mega Y	Psychic	N/A	106	150	70	194	120	140
151	Mew	Psychic	N/A	100	100	100	100	100	100
152	Chikorita	Grass	N/A	45	49	65	49	65	45
153	Bayleef	Grass	N/A	60	62	80	63	80	60
154	Meganium	Grass	N/A	80	82	100	83	100	80
155	Cyndaquil	Fire	N/A	39	52	43	60	50	65
156	Quilava	Fire	N/A	58	64	58	80	65	80
157	Typhlosion	Fire	N/A	78	84	78	109	85	100
158	Totodile	Water	N/A	50	65	64	44	48	43
159	Croconaw	Water	N/A	65	80	80	59	63	58
160	Feraligatr	Water	N/A	85	105	100	79	83	78
161	Sentret	Normal	N/A	35	46	34	35	45	20
162	Furret	Normal	N/A	85	76	64	45	55	90
163	Hoothoot	Normal	Flying	60	30	30	36	56	50
164	Noctowl	Normal	Flying	100	50	50	76	96	70
165	Ledyba	Bug	Flying	40	20	30	40	80	55
166	Ledian	Bug	Flying	55	35	50	55	110	85
167	Spinarak	Bug	Poison	40	60	40	40	40	30
168	Ariados	Bug	Poison	70	90	70	60	60	40
169	Crobat	Poison	Flying	85	90	80	70	80	130
170	Chinchou	Water	Electric	75	38	38	56	56	67
171	Lanturn	Water	Electric	125	58	58	76	76	67
172	Pichu	Electric	N/A	20	40	15	35	35	60
173	Cleffa	Fairy	N/A	50	25	28	45	55	15
174	Igglybuff	Normal	Fairy	90	30	15	40	20	15
175	Togepi	Fairy	N/A	35	20	65	40	65	20
176	Togetic	Fairy	Flying	55	40	85	80	105	40
177	Natu	Psychic	Flying	40	50	45	70	45	70
178	Xatu	Psychic	Flying	65	75	70	95	70	95
179	Mareep	Electric	N/A	55	40	40	65	45	35
180	Flaaffy	Electric	N/A	70	55	55	80	60	45
181	Ampharos	Electric	N/A	90	75	85	115	90	55
181-Mega	Ampharos - Mega	Electric	Dragon	90	95	105	165	110	45
182	Bellossom	Grass	N/A	75	80	95	90	100	50
183	Marill	Water	Fairy	70	20	50	20	50	40
184	Azumarill	Water	Fairy	100	50	80	60	80	50
185	Sudowoodo	Rock	N/A	70	100	115	30	65	30
186	Politoed	Water	N/A	90	75	75	90	100	70
187	Hoppip	Grass	Flying	35	35	40	35	55	50
188	Skiploom	Grass	Flying	55	45	50	45	65	80
189	Jumpluff	Grass	Flying	75	55	70	55	95	110
190	Aipom	Normal	N/A	55	70	55	40	55	85
191	Sunkern	Grass	N/A	30	30	30	30	30	30
192	Sunflora	Grass	N/A	75	75	55	105	85	30
193	Yanma	Bug	Flying	65	65	45	75	45	95
194	Wooper	Water	Ground	55	45	45	25	25	15
195	Quagsire	Water	Ground	95	85	85	65	65	35
196	Espeon	Psychic	N/A	65	65	60	130	95	110
197	Umbreon	Dark	N/A	95	65	110	60	130	65
198	Murkrow	Dark	Flying	60	85	42	85	42	91
199	Slowking	Water	Psychic	95	75	80	100	110	30
200	Misdreavus	Ghost	N/A	60	60	60	85	85	85
201	Unown	Psychic	N/A	48	72	48	72	48	48
202	Wobbuffet	Psychic	N/A	190	33	58	33	58	33
203	Girafarig	Normal	Psychic	70	80	65	90	65	85
204	Pineco	Bug	N/A	50	65	90	35	35	15
205	Forretress	Bug	Steel	75	90	140	60	60	40
206	Dunsparce	Normal	N/A	100	70	70	65	65	45
207	Gligar	Ground	Flying	65	75	105	35	65	85
208	Steelix	Steel	Ground	75	85	200	55	65	30
208-Mega	Steelix - Mega	Steel	Ground	75	125	230	55	95	30
209	Snubbull	Fairy	N/A	60	80	50	40	40	30
210	Granbull	Fairy	N/A	90	120	75	60	60	45
211	Qwilfish	Water	Poison	65	95	75	55	55	85
212	Scizor	Bug	Steel	70	130	100	55	80	65
212-Mega	Scizor - Mega	Bug	Steel	70	150	140	65	100	75
213	Shuckle	Bug	Rock	20	10	230	10	230	5
214	Heracross	Bug	Fighting	80	125	75	40	95	85
214-Mega	Heracross - Mega	Bug	Fighting	80	185	115	40	105	75
215	Sneasel	Dark	Ice	55	95	55	35	75	115
216	Teddiursa	Normal	N/A	60	80	50	50	50	40
217	Ursaring	Normal	N/A	90	130	75	75	75	55
218	Slugma	Fire	N/A	40	40	40	70	40	20
219	Magcargo	Fire	Rock	50	50	120	80	80	30
220	Swinub	Ice	Ground	50	50	40	30	30	50
221	Piloswine	Ice	Ground	100	100	80	60	60	50
222	Corsola	Water	Rock	55	55	85	65	85	35
223	Remoraid	Water	N/A	35	65	35	65	35	65
224	Octillery	Water	N/A	75	105	75	105	75	45
225	Delibird	Ice	Flying	45	55	45	65	45	75
226	Mantine	Water	Flying	65	40	70	80	140	70
227	Skarmory	Steel	Flying	65	80	140	40	70	70
228	Houndour	Dark	Fire	45	60	30	80	50	65
229	Houndoom	Dark	Fire	75	90	50	110	80	95
229-Mega	Houndoom - Mega	Dark	Fire	75	90	90	140	90	115
230	Kingdra	Water	Dragon	75	95	95	95	95	85
231	Phanpy	Ground	N/A	90	60	60	40	40	40
232	Donphan	Ground	N/A	90	120	120	60	60	50
233	Porygon2	Normal	N/A	85	80	90	105	95	60
234	Stantler	Normal	N/A	73	95	62	85	65	85
235	Smeargle	Normal	N/A	55	20	35	20	45	75
236	Tyrogue	Fighting	N/A	35	35	35	35	35	35
237	Hitmontop	Fighting	N/A	50	95	95	35	110	70
238	Smoochum	Ice	Psychic	45	30	15	85	65	65
239	Elekid	Electric	N/A	45	63	37	65	55	95
240	Magby	Fire	N/A	45	75	37	70	55	83
241	Miltank	Normal	N/A	95	80	105	40	70	100
242	Blissey	Normal	N/A	255	10	10	75	135	55
243	Raikou	Electric	N/A	90	85	75	115	100	115
244	Entei	Fire	N/A	115	115	85	90	75	100
245	Suicune	Water	N/A	100	75	115	90	115	85
246	Larvitar	Rock	Ground	50	64	50	45	50	41
247	Pupitar	Rock	Ground	70	84	70	65	70	51
248	Tyranitar	Rock	Dark	100	134	110	95	100	61
248-Mega	Tyranitar - Mega	Rock	Dark	100	164	150	95	120	71
249	Lugia	Psychic	Flying	106	90	130	90	154	110
250	Ho-oh	Fire	Flying	106	130	90	110	154	90
251	Celebi	Psychic	Grass	100	100	100	100	100	100
252	Treecko	Grass	N/A	40	45	35	65	55	70
253	Grovyle	Grass	N/A	50	65	45	85	65	95
254	Sceptile	Grass	N/A	70	85	65	105	85	120
255	Torchic	Fire	N/A	45	60	40	70	50	45
256	Combusken	Fire	Fighting	60	85	60	85	60	55
257	Blaziken	Fire	Fighting	80	120	70	110	70	80
257-Mega	Blaziken - Mega	Fire	Fighting	80	160	80	130	80	100
258	Mudkip	Water	N/A	50	70	50	50	50	40
259	Marshtomp	Water	Ground	70	85	70	60	70	50
260	Swampert	Water	Ground	100	110	90	85	90	60
261	Poochyena	Dark	N/A	35	55	35	30	30	35
262	Mightyena	Dark	N/A	70	90	70	60	60	70
263	Zigzagoon	Normal	N/A	38	30	41	30	41	60
264	Linoone	Normal	N/A	78	70	61	50	61	100
265	Wurmple	Bug	N/A	45	45	35	20	30	20
266	Silcoon	Bug	N/A	50	35	55	25	25	15
267	Beautifly	Bug	Flying	60	70	50	100	50	65
268	Cascoon	Bug	N/A	50	35	55	25	25	15
269	Dustox	Bug	Poison	60	50	70	50	90	65
270	Lotad	Water	Grass	40	30	30	40	50	30
271	Lombre	Water	Grass	60	50	50	60	70	50
272	Ludicolo	Water	Grass	80	70	70	90	100	70
273	Seedot	Grass	N/A	40	40	50	30	30	30
274	Nuzleaf	Grass	Dark	70	70	40	60	40	60
275	Shiftry	Grass	Dark	90	100	60	90	60	80
276	Taillow	Normal	Flying	40	55	30	30	30	85
277	Swellow	Normal	Flying	60	85	60	50	50	125
278	Wingull	Water	Flying	40	30	30	55	30	85
279	Pelipper	Water	Flying	60	50	100	85	70	65
280	Ralts	Psychic	Fairy	28	25	25	45	35	40
281	Kirlia	Psychic	Fairy	38	35	35	65	55	50
282	Gardevoir	Psychic	Fairy	68	65	65	125	115	80
282-Mega	Gardevoir - Mega	Psychic	Fairy	68	85	65	165	135	100
283	Surskit	Bug	Water	40	30	32	50	52	65
284	Masquerain	Bug	Flying	70	60	62	80	82	60
285	Shroomish	Grass	N/A	60	40	60	40	60	35
286	Breloom	Grass	Fighting	60	130	80	60	60	70
287	Slakoth	Normal	N/A	60	60	60	35	35	30
288	Vigoroth	Normal	N/A	80	80	80	55	55	90
289	Slaking	Normal	N/A	150	160	100	95	65	100
290	Nincada	Bug	Ground	31	45	90	30	30	40
291	Ninjask	Bug	Flying	61	90	45	50	50	160
292	Shedinja	Bug	Ghost	1	90	45	30	30	40
293	Whismur	Normal	N/A	64	51	23	51	23	28
294	Loudred	Normal	N/A	84	71	43	71	43	48
295	Exploud	Normal	N/A	104	91	63	91	73	68
296	Makuhita	Fighting	N/A	72	60	30	20	30	25
297	Hariyama	Fighting	N/A	144	120	60	40	60	50
298	Azurill	Normal	Fairy	50	20	40	20	40	20
299	Nosepass	Rock	N/A	30	45	135	45	90	30
300	Skitty	Normal	N/A	50	45	45	35	35	50
301	Delcatty	Normal	N/A	70	65	65	55	55	70
302	Sableye	Dark	Ghost	50	75	75	65	65	50
303	Mawile	Steel	Fairy	50	85	85	55	55	50
303-Mega	Mawile - Mega	Steel	Fairy	50	105	125	55	95	50
304	Aron	Steel	Rock	50	70	100	40	40	30
305	Lairon	Steel	Rock	60	90	140	50	50	40
306	Aggron	Steel	Rock	70	110	180	60	60	50
306-Mega	Aggron - Mega	Steel	N/A	70	140	230	60	80	50
307	Meditite	Fighting	Psychic	30	40	55	40	55	60
308	Medicham	Fighting	Psychic	60	60	75	60	75	80
308-Mega	Medicham - Mega	Fighting	Psychic	60	100	85	80	85	100
309	Electrike	Electric	N/A	40	45	40	65	40	65
310	Manectric	Electric	N/A	70	75	60	105	60	105
310-Mega	Manectric - Mega	Electric	N/A	70	75	80	135	80	135
311	Plusle	Electric	N/A	60	50	40	85	75	95
312	Minun	Electric	N/A	60	40	50	75	85	95
313	Volbeat	Bug	N/A	65	73	55	47	75	85
314	Illumise	Bug	N/A	65	47	55	73	75	85
315	Roselia	Grass	Poison	50	60	45	100	80	65
316	Gulpin	Poison	N/A	70	43	53	43	53	40
317	Swalot	Poison	N/A	100	73	83	73	83	55
318	Carvanha	Water	Dark	45	90	20	65	20	65
319	Sharpedo	Water	Dark	70	120	40	95	40	95
320	Wailmer	Water	N/A	130	70	35	70	35	60
321	Wailord	Water	N/A	170	90	45	90	45	60
322	Numel	Fire	Ground	60	60	40	65	45	35
323	Camerupt	Fire	Ground	70	100	70	105	75	40
324	Torkoal	Fire	N/A	70	85	140	85	70	20
325	Spoink	Psychic	N/A	60	25	35	70	80	60
326	Grumpig	Psychic	N/A	80	45	65	90	110	80
327	Spinda	Normal	N/A	60	60	60	60	60	60
328	Trapinch	Ground	N/A	45	100	45	45	45	10
329	Vibrava	Ground	Dragon	50	70	50	50	50	70
330	Flygon	Ground	Dragon	80	100	80	80	80	100
331	Cacnea	Grass	N/A	50	85	40	85	40	35
332	Cacturne	Grass	Dark	70	115	60	115	60	55
333	Swablu	Normal	Flying	45	40	60	40	75	50
334	Altaria	Dragon	Flying	75	70	90	70	105	80
335	Zangoose	Normal	N/A	73	115	60	60	60	90
336	Seviper	Poison	N/A	73	100	60	100	60	65
337	Lunatone	Rock	Psychic	70	55	65	95	85	70
338	Solrock	Rock	Psychic	70	95	85	55	65	70
339	Barboach	Water	Ground	50	48	43	46	41	60
340	Whiscash	Water	Ground	110	78	73	76	71	60
341	Corphish	Water	N/A	43	80	65	50	35	35
342	Crawdaunt	Water	Dark	63	120	85	90	55	55
343	Baltoy	Ground	Psychic	40	40	55	40	70	55
344	Claydol	Ground	Psychic	60	70	105	70	120	75
345	Lileep	Rock	Grass	66	41	77	61	87	23
346	Cradily	Rock	Grass	86	81	97	81	107	43
347	Anorith	Rock	Bug	45	95	50	40	50	75
348	Armaldo	Rock	Bug	75	125	100	70	80	45
349	Feebas	Water	N/A	20	15	20	10	55	80
350	Milotic	Water	N/A	95	60	79	100	125	81
351	Castform	Normal	N/A	70	70	70	70	70	70
352	Kecleon	Normal	N/A	60	90	70	60	120	40
353	Shuppet	Ghost	N/A	44	75	35	63	33	45
354	Banette	Ghost	N/A	64	115	65	83	63	65
355	Duskull	Ghost	N/A	20	40	90	30	90	25
356	Dusclops	Ghost	N/A	40	70	130	60	130	25
357	Tropius	Grass	Flying	99	68	83	72	87	51
358	Chimecho	Psychic	N/A	65	50	70	95	80	65
359	Absol	Dark	N/A	65	130	60	75	60	75
359-Mega	Absol - Mega	Dark	N/A	65	150	60	115	60	115
360	Wynaut	Psychic	N/A	95	23	48	23	48	23
361	Snorunt	Ice	N/A	50	50	50	50	50	50
362	Glalie	Ice	N/A	80	80	80	80	80	80
362-Mega	Glalie - Mega	Ice	N/A	80	120	80	120	80	100
363	Spheal	Ice	Water	70	40	50	55	50	25
364	Sealeo	Ice	Water	90	60	70	75	70	45
365	Walrein	Ice	Water	110	80	90	95	90	65
366	Clamperl	Water	N/A	35	64	85	74	55	32
367	Huntail	Water	N/A	55	104	105	94	75	52
368	Gorebyss	Water	N/A	55	84	105	114	75	52
369	Relicanth	Water	Rock	100	90	130	45	65	55
370	Luvdisc	Water	N/A	43	30	55	40	65	97
371	Bagon	Dragon	N/A	45	75	60	40	30	50
372	Shelgon	Dragon	N/A	65	95	100	60	50	50
373	Salamence	Dragon	Flying	95	135	80	110	80	100
374	Beldum	Steel	Psychic	40	55	80	35	60	30
375	Metang	Steel	Psychic	60	75	100	55	80	50
376	Metagross	Steel	Psychic	80	135	130	95	90	70
377	Regirock	Rock	N/A	80	100	200	50	100	50
378	Regice	Ice	N/A	80	50	100	100	200	50
379	Registeel	Steel	N/A	80	75	150	75	150	50
380	Latias	Dragon	Psychic	80	80	90	110	130	110
381	Latios	Dragon	Psychic	80	90	80	130	110	110
382	Kyogre	Water	N/A	100	100	90	150	140	90
383	Groudon	Ground	N/A	100	150	140	100	90	90
384	Rayquaza	Dragon	Flying	105	150	90	150	90	95
385	Jirachi	Steel	Psychic	100	100	100	100	100	100
386-Normal	Deoxys - Normal	Psychic	N/A	50	150	50	150	50	150
386-Attack	Deoxys - Attack	Psychic	N/A	50	180	20	180	20	150
386-Defense	Deoxys - Defense	Psychic	N/A	50	70	160	70	160	90
386-Speed	Deoxys - Speed	Psychic	N/A	50	95	90	95	90	180
387	Turtwig	Grass	N/A	55	68	64	45	55	31
388	Grotle	Grass	N/A	75	89	85	55	65	36
389	Torterra	Grass	Ground	95	109	105	75	85	56
390	Chimchar	Fire	N/A	44	58	44	58	44	61
391	Monferno	Fire	Fighting	64	78	52	78	52	81
392	Infernape	Fire	Fighting	76	104	71	104	71	108
393	Piplup	Water	N/A	53	51	53	61	56	40
394	Prinplup	Water	N/A	64	66	68	81	76	50
395	Empoleon	Water	Steel	84	86	88	111	101	60
396	Starly	Normal	Flying	40	55	30	30	30	60
397	Staravia	Normal	Flying	55	75	50	40	40	80
398	Staraptor	Normal	Flying	85	120	70	50	60	100
399	Bidoof	Normal	N/A	59	45	40	35	40	31
400	Bibarel	Normal	Water	79	85	60	55	60	71
401	Kricketot	Bug	N/A	37	25	41	25	41	25
402	Kricketune	Bug	N/A	77	85	51	55	51	65
403	Shinx	Electric	N/A	45	65	34	40	34	45
404	Luxio	Electric	N/A	60	85	49	60	49	60
405	Luxray	Electric	N/A	80	120	79	95	79	70
406	Budew	Grass	Poison	40	30	35	50	70	55
407	Roserade	Grass	Poison	60	70	65	125	105	90
408	Cranidos	Rock	N/A	67	125	40	30	30	58
409	Rampardos	Rock	N/A	97	165	60	65	50	58
410	Shieldon	Rock	Steel	30	42	118	42	88	30
411	Bastiodon	Rock	Steel	60	52	168	47	138	30
412	Burmy	Bug	N/A	40	29	45	29	45	36
413-Plant Cloak	Wormadam - Plant Cloak	Bug	Grass	60	59	85	79	105	36
413-Sandy Cloak	Wormadam - Sandy Cloak	Bug	Ground	60	79	105	59	85	36
413-Trash Cloak	Wormadam - Trash Cloak	Bug	Steel	60	69	95	69	95	36
414	Mothim	Bug	Flying	70	94	50	94	50	66
415	Combee	Bug	Flying	30	30	42	30	42	70
416	Vespiquen	Bug	Flying	70	80	102	80	102	40
417	Pachirisu	Electric	N/A	60	45	70	45	90	95
418	Buizel	Water	N/A	55	65	35	60	30	85
419	Floatzel	Water	N/A	85	105	55	85	50	115
420	Cherubi	Grass	N/A	45	35	45	62	53	35
421	Cherrim	Grass	N/A	70	60	70	87	78	85
422	Shellos	Water	N/A	76	48	48	57	62	34
423	Gastrodon	Water	Ground	111	83	68	92	82	39
424	Ambipom	Normal	N/A	75	100	66	60	66	115
425	Drifloon	Ghost	Flying	90	50	34	60	44	70
426	Drifblim	Ghost	Flying	150	80	44	90	54	80
427	Buneary	Normal	N/A	55	66	44	44	56	85
428	Lopunny	Normal	N/A	65	76	84	54	96	105
429	Mismagius	Ghost	N/A	60	60	60	105	105	105
430	Honchkrow	Dark	Flying	100	125	52	105	52	71
431	Glameow	Normal	N/A	49	55	42	42	37	85
432	Purugly	Normal	N/A	71	82	64	64	59	112
433	Chingling	Psychic	N/A	45	30	50	65	50	45
434	Stunky	Poison	Dark	63	63	47	41	41	74
435	Skuntank	Poison	Dark	103	93	67	71	61	84
436	Bronzor	Steel	Psychic	57	24	86	24	86	23
437	Bronzong	Steel	Psychic	67	89	116	79	116	33
438	Bonsly	Rock	N/A	50	80	95	10	45	10
439	Mime Jr.	Psychic	Fairy	20	25	45	70	90	60
440	Happiny	Normal	N/A	100	5	5	15	65	30
441	Chatot	Normal	Flying	76	65	45	92	42	91
442	Spiritomb	Ghost	Dark	50	92	108	92	108	35
443	Gible	Dragon	Ground	58	70	45	40	45	42
444	Gabite	Dragon	Ground	68	90	65	50	55	82
445	Garchomp	Dragon	Ground	108	130	95	80	85	102
445-Mega	Garchomp - Mega	Dragon	Ground	108	170	115	120	95	92
446	Munchlax	Normal	N/A	135	85	40	40	85	5
447	Riolu	Fighting	N/A	40	70	40	35	40	60
448	Lucario	Fighting	Steel	70	110	70	115	70	90
448-Mega	Lucario - Mega	Fighting	Steel	70	145	88	140	70	112
449	Hippopotas	Ground	N/A	68	72	78	38	42	32
450	Hippowdon	Ground	N/A	108	112	118	68	72	47
451	Skorupi	Poison	Bug	40	50	90	30	55	65
452	Drapion	Poison	Dark	70	90	110	60	75	95
453	Croagunk	Poison	Fighting	48	61	40	61	40	50
454	Toxicroak	Poison	Fighting	83	106	65	86	65	85
455	Carnivine	Grass	N/A	74	100	72	90	72	46
456	Finneon	Water	N/A	49	49	56	49	61	66
457	Lumineon	Water	N/A	69	69	76	69	86	91
458	Mantyke	Water	Flying	45	20	50	60	120	50
459	Snover	Grass	Ice	60	62	50	62	60	40
460	Abomasnow	Grass	Ice	90	92	75	92	85	60
460-Mega	Abomasnow - Mega	Grass	Ice	90	132	105	132	105	30
461	Weavile	Dark	Ice	70	120	65	45	85	125
462	Magnezone	Electric	Steel	70	70	115	130	90	60
463	Lickilicky	Normal	N/A	110	85	95	80	95	50
464	Rhyperior	Ground	Rock	115	140	130	55	55	40
465	Tangrowth	Grass	N/A	100	100	125	110	50	50
466	Electivire	Electric	N/A	75	123	67	95	85	95
467	Magmortar	Fire	N/A	75	95	67	125	95	83
468	Togekiss	Fairy	Flying	85	50	95	120	115	80
469	Yanmega	Bug	Flying	86	76	86	116	56	95
470	Leafeon	Grass	N/A	65	110	130	60	65	95
471	Glaceon	Ice	N/A	65	60	110	130	95	65
472	Gliscor	Ground	Flying	75	95	125	45	75	95
473	Mamoswine	Ice	Ground	110	130	80	70	60	80
474	Porygon-Z	Normal	N/A	85	80	70	135	75	90
475	Gallade	Psychic	Fighting	68	125	65	65	115	80
476	Probopass	Rock	Steel	60	55	145	75	150	40
477	Dusknoir	Ghost	N/A	45	100	135	65	135	45
478	Froslass	Ice	Ghost	70	80	70	80	70	110
479	Rotom	Electric	Ghost	50	50	77	95	77	91
479-Heat	Rotom - Heat	Electric	Fire	50	65	107	105	107	86
479-Wash	Rotom - Wash	Electric	Water	50	65	107	105	107	86
479-Frost	Rotom - Frost	Electric	Ice	50	65	107	105	107	86
479-Fan	Rotom - Fan	Electric	Flying	50	65	107	105	107	86
479-Mow	Rotom - Mow	Electric	Grass	50	65	107	105	107	86
480	Uxie	Psychic	N/A	75	75	130	75	130	95
481	Mesprit	Psychic	N/A	80	105	105	105	105	80
482	Azelf	Psychic	N/A	75	125	70	125	70	115
483	Dialga	Steel	Dragon	100	120	120	150	100	90
484	Palkia	Water	Dragon	90	120	100	150	120	100
485	Heatran	Fire	Steel	91	90	106	130	106	77
486	Regigigas	Normal	N/A	110	160	110	80	110	100
487-Altered	Giratina - Altered	Ghost	Dragon	150	100	120	100	120	90
487-Origin	Giratina - Origin	Ghost	Dragon	150	120	100	120	100	90
488	Cresselia	Psychic	N/A	120	70	120	75	130	85
489	Phione	Water	N/A	80	80	80	80	80	80
490	Manaphy	Water	N/A	100	100	100	100	100	100
491	Darkrai	Dark	N/A	70	90	90	135	90	125
492-Land	Shaymin - Land	Grass	N/A	100	100	100	100	100	100
492-Sky	Shaymin - Sky	Grass	Flying	100	103	75	120	75	127
493	Arceus	Normal	N/A	120	120	120	120	120	120
494	Victini	Psychic	Fire	100	100	100	100	100	100
495	Snivy	Grass	N/A	45	45	55	45	55	63
496	Servine	Grass	N/A	60	60	75	60	75	83
497	Serperior	Grass	N/A	75	75	95	75	95	113
498	Tepig	Fire	N/A	65	63	45	45	45	45
499	Pignite	Fire	Fighting	90	93	55	70	55	55
500	Emboar	Fire	Fighting	110	123	65	100	65	65
501	Oshawott	Water	N/A	55	55	45	63	45	45
502	Dewott	Water	N/A	75	75	60	83	60	60
503	Samurott	Water	N/A	95	100	85	108	70	70
504	Patrat	Normal	N/A	45	55	39	35	39	42
505	Watchog	Normal	N/A	60	85	69	60	69	77
506	Lillipup	Normal	N/A	45	60	45	25	45	55
507	Herdier	Normal	N/A	65	80	65	35	65	60
508	Stoutland	Normal	N/A	85	110	90	45	90	80
509	Purrloin	Dark	N/A	41	50	37	50	37	66
510	Liepard	Dark	N/A	64	88	50	88	50	106
511	Pansage	Grass	N/A	50	53	48	53	48	64
512	Simisage	Grass	N/A	75	98	63	98	63	101
513	Pansear	Fire	N/A	50	53	48	53	48	64
514	Simisear	Fire	N/A	75	98	63	98	63	101
515	Panpour	Water	N/A	50	53	48	53	48	64
516	Simipour	Water	N/A	75	98	63	98	63	101
517	Munna	Psychic	N/A	76	25	45	67	55	24
518	Musharna	Psychic	N/A	116	55	85	107	95	29
519	Pidove	Normal	Flying	50	55	50	36	30	43
520	Tranquill	Normal	Flying	62	77	62	50	42	65
521	Unfezant	Normal	Flying	80	115	80	65	55	93
522	Blitzle	Electric	N/A	45	60	32	50	32	76
523	Zebstrika	Electric	N/A	75	100	63	80	63	116
524	Roggenrola	Rock	N/A	55	75	85	25	25	15
525	Boldore	Rock	N/A	70	105	105	50	40	20
526	Gigalith	Rock	N/A	85	135	130	60	80	25
527	Woobat	Psychic	Flying	55	45	43	55	43	72
528	Swoobat	Psychic	Flying	67	57	55	77	55	114
529	Drilbur	Ground	N/A	60	85	40	30	45	68
530	Excadrill	Ground	Steel	110	135	60	50	65	88
531	Audino	Normal	N/A	103	60	86	60	86	50
532	Timburr	Fighting	N/A	75	80	55	25	35	35
533	Gurdurr	Fighting	N/A	85	105	85	40	50	40
534	Conkeldurr	Fighting	N/A	105	140	95	55	65	45
535	Tympole	Water	N/A	50	50	40	50	40	64
536	Palpitoad	Water	Ground	75	65	55	65	55	69
537	Seismitoad	Water	Ground	105	95	75	85	75	74
538	Throh	Fighting	N/A	120	100	85	30	85	45
539	Sawk	Fighting	N/A	75	125	75	30	75	85
540	Sewaddle	Bug	Grass	45	53	70	40	60	42
541	Swadloon	Bug	Grass	55	63	90	50	80	42
542	Leavanny	Bug	Grass	75	103	80	70	80	92
543	Venipede	Bug	Poison	30	45	59	30	39	57
544	Whirlipede	Bug	Poison	40	55	99	40	79	47
545	Scolipede	Bug	Poison	60	100	89	55	69	112
546	Cottonee	Grass	Fairy	40	27	60	37	50	66
547	Whimsicott	Grass	Fairy	60	67	85	77	75	116
548	Petilil	Grass	N/A	45	35	50	70	50	30
549	Lilligant	Grass	N/A	70	60	75	110	75	90
550	Basculin	Water	N/A	70	92	65	80	55	98
551	Sandile	Ground	Dark	50	72	35	35	35	65
552	Krokorok	Ground	Dark	60	82	45	45	45	74
553	Krookodile	Ground	Dark	95	117	80	65	70	92
554	Darumaka	Fire	N/A	70	90	45	15	45	50
555-Standard Mode	Darmanitan - Standard Mode	Fire	N/A	105	140	55	30	55	95
555-Zen Mode	Darmanitan - Zen Mode	Fire	Psychic	105	30	105	140	105	55
556	Maractus	Grass	N/A	75	86	67	106	67	60
557	Dwebble	Bug	Rock	50	65	85	35	35	55
558	Crustle	Bug	Rock	70	95	125	65	75	45
559	Scraggy	Dark	Fighting	50	75	70	35	70	48
560	Scrafty	Dark	Fighting	65	90	115	45	115	58
561	Sigilyph	Psychic	Flying	72	58	80	103	80	97
562	Yamask	Ghost	N/A	38	30	85	55	65	30
563	Cofagrigus	Ghost	N/A	58	50	145	95	105	30
564	Tirtouga	Water	Rock	54	78	103	53	45	22
565	Carracosta	Water	Rock	74	108	133	83	65	32
566	Archen	Rock	Flying	55	112	45	74	45	70
567	Archeops	Rock	Flying	75	140	65	112	65	110
568	Trubbish	Poison	N/A	50	50	62	40	62	65
569	Garbodor	Poison	N/A	80	95	82	60	82	75
570	Zorua	Dark	N/A	40	65	40	80	40	65
571	Zoroark	Dark	N/A	60	105	60	120	60	105
572	Minccino	Normal	N/A	55	50	40	40	40	75
573	Cinccino	Normal	N/A	75	95	60	65	60	115
574	Gothita	Psychic	N/A	45	30	50	55	65	45
575	Gothorita	Psychic	N/A	60	45	70	75	85	55
576	Gothitelle	Psychic	N/A	70	55	95	95	110	65
577	Solosis	Psychic	N/A	45	30	40	105	50	20
578	Duosion	Psychic	N/A	65	40	50	125	60	30
579	Reuniclus	Psychic	N/A	110	65	75	125	85	30
580	Ducklett	Water	Flying	62	44	50	44	50	55
581	Swanna	Water	Flying	75	87	63	87	63	98
582	Vanillite	Ice	N/A	36	50	50	65	60	44
583	Vanillish	Ice	N/A	51	65	65	80	75	59
584	Vanilluxe	Ice	N/A	71	95	85	110	95	79
585	Deerling	Normal	Grass	60	60	50	40	50	75
586	Sawsbuck	Normal	Grass	80	100	70	60	70	95
587	Emolga	Electric	Flying	55	75	60	75	60	103
588	Karrablast	Bug	N/A	50	75	45	40	45	60
589	Escavalier	Bug	Steel	70	135	105	60	105	20
590	Foongus	Grass	Poison	69	55	45	55	55	15
591	Amoonguss	Grass	Poison	114	85	70	85	80	30
592	Frillish	Water	Ghost	55	40	50	65	85	40
593	Jellicent	Water	Ghost	100	60	70	85	105	60
594	Alomomola	Water	N/A	165	75	80	40	45	65
595	Joltik	Bug	Electric	50	47	50	57	50	65
596	Galvantula	Bug	Electric	70	77	60	97	60	108
597	Ferroseed	Grass	Steel	44	50	91	24	86	10
598	Ferrothorn	Grass	Steel	74	94	131	54	116	20
599	Klink	Steel	N/A	40	55	70	45	60	30
600	Klang	Steel	N/A	60	80	95	70	85	50
601	Klinklang	Steel	N/A	60	100	115	70	85	90
602	Tynamo	Electric	N/A	35	55	40	45	40	60
603	Eelektrik	Electric	N/A	65	85	70	75	70	40
604	Eelektross	Electric	N/A	85	115	80	105	80	50
605	Elgyem	Psychic	N/A	55	55	55	85	55	30
606	Beheeyem	Psychic	N/A	75	75	75	125	95	40
607	Litwick	Ghost	Fire	50	30	55	65	55	20
608	Lampent	Ghost	Fire	60	40	60	95	60	55
609	Chandelure	Ghost	Fire	60	55	90	145	90	80
610	Axew	Dragon	N/A	46	87	60	30	40	57
611	Fraxure	Dragon	N/A	66	117	70	40	50	67
612	Haxorus	Dragon	N/A	76	147	90	60	70	97
613	Cubchoo	Ice	N/A	55	70	40	60	40	40
614	Beartic	Ice	N/A	95	110	80	70	80	50
615	Cryogonal	Ice	N/A	70	50	30	95	135	105
616	Shelmet	Bug	N/A	50	40	85	40	65	25
617	Accelgor	Bug	N/A	80	70	40	100	60	145
618	Stunfisk	Electric	Ground	109	66	84	81	99	32
619	Mienfoo	Fighting	N/A	45	85	50	55	50	65
620	Mienshao	Fighting	N/A	65	125	60	95	60	105
621	Druddigon	Dragon	N/A	77	120	90	60	90	48
622	Golett	Ground	Ghost	59	74	50	35	50	35
623	Golurk	Ground	Ghost	89	124	80	55	80	55
624	Pawniard	Dark	Steel	45	85	70	40	40	60
625	Bisharp	Dark	Steel	65	125	100	60	70	70
626	Bouffalant	Normal	N/A	95	110	95	40	95	55
627	Rufflet	Normal	Flying	70	83	50	37	50	60
628	Braviary	Normal	Flying	100	123	75	57	75	80
629	Vullaby	Dark	Flying	70	55	75	45	65	60
630	Mandibuzz	Dark	Flying	110	65	105	55	95	80
631	Heatmor	Fire	N/A	85	97	66	105	66	65
632	Durant	Bug	Steel	58	109	112	48	48	109
633	Deino	Dark	Dragon	52	65	50	45	50	38
634	Zweilous	Dark	Dragon	72	85	70	65	70	58
635	Hydreigon	Dark	Dragon	92	105	90	125	90	98
636	Larvesta	Bug	Fire	55	85	55	50	55	60
637	Volcarona	Bug	Fire	85	60	65	135	105	100
638	Cobalion	Steel	Fighting	91	90	129	90	72	108
639	Terrakion	Rock	Fighting	91	129	90	72	90	108
640	Virizion	Grass	Fighting	91	90	72	90	129	108
641-Incarnate	Tornadus - Incarnate	Flying	N/A	79	115	70	125	80	111
641-Therian	Tornadus - Therian	Flying	N/A	79	100	80	110	90	121
642-Incarnate	Thundurus - Incarnate	Electric	Flying	79	115	70	125	80	111
642-Therian	Thundurus - Therian	Electric	Flying	79	105	70	145	80	101
643	Reshiram	Dragon	Fire	100	120	100	150	120	90
644	Zekrom	Dragon	Electric	100	150	120	120	100	90
645-Incarnate	Landorus - Incarnate	Ground	Flying	89	125	90	115	80	101
645-Therian	Landorus - Therian	Ground	Flying	89	145	90	105	80	91
646	Kyurem	Dragon	Ice	125	130	90	130	90	95
646-White	Kyurem - White	Dragon	Ice	125	120	90	170	100	95
646-Black	Kyurem - Black	Dragon	Ice	125	170	100	120	90	95
647-Ordinary	Keldeo - Ordinary	Water	Fighting	91	72	90	129	90	108
647-Resolute	Keldeo - Resolute	Water	Fighting	91	72	90	129	90	108
648-Aria	Meloetta - Aria	Normal	Psychic	100	77	77	128	128	90
648-Pirouette	Meloetta - Pirouette	Normal	Fighting	100	128	90	77	77	128
649	Genesect	Bug	Steel	71	120	95	120	95	99
650	Chespin	Grass	N/A	56	61	65	48	45	38
651	Quilladin	Grass	N/A	61	78	95	56	58	57
652	Chesnaught	Grass	Fighting	88	107	122	74	75	64
653	Fennekin	Fire	N/A	40	45	40	62	60	60
654	Braixen	Fire	N/A	59	59	58	90	70	73
655	Delphox	Fire	Psychic	75	69	72	114	100	104
656	Froakie	Water	N/A	41	56	40	62	44	71
657	Frogadier	Water	N/A	54	63	52	83	56	97
658	Greninja	Water	Dark	72	95	67	103	71	122
659	Bunnelby	Normal	N/A	38	36	38	32	36	57
660	Diggersby	Normal	Ground	85	56	77	50	77	78
661	Fletchling	Normal	Flying	45	50	43	40	38	62
662	Fletchinder	Fire	Flying	62	73	55	56	52	84
663	Talonflame	Fire	Flying	78	81	71	74	69	126
664	Scatterbug	Bug	N/A	38	35	40	27	25	35
665	Spewpa	Bug	N/A	45	22	60	27	30	29
666	Vivillon	Bug	Flying	80	52	50	90	50	89
667	Litleo	Fire	Normal	62	50	58	73	54	72
668	Pyroar	Fire	Normal	86	68	72	109	66	106
669	Flabébé	Fairy	N/A	44	38	39	61	79	42
670	Floette	Fairy	N/A	54	45	47	75	98	52
671	Florges	Fairy	N/A	78	65	68	112	154	75
672	Skiddo	Grass	N/A	66	65	48	62	57	52
673	Gogoat	Grass	N/A	123	100	62	97	81	68
674	Pancham	Fighting	N/A	67	82	62	46	48	43
675	Pangoro	Fighting	Dark	95	124	78	69	71	58
676	Furfrou	Normal	N/A	75	80	60	65	90	102
677	Espurr	Psychic	N/A	62	48	54	63	60	68
678-Male	Meowstic - Male	Psychic	N/A	74	48	76	83	81	104
678-Female	Meowstic - Female	Psychic	N/A	74	48	76	83	81	104
679	Honedge	Steel	Ghost	45	80	100	35	37	28
680	Doublade	Steel	Ghost	59	110	150	45	49	35
681-Blade	Aegislash - Blade	Steel	Ghost	60	150	50	150	50	60
681-Shield	Aegislash - Shield	Steel	Ghost	60	50	150	50	150	60
682	Spritzee	Fairy	N/A	78	52	60	63	65	23
683	Aromatisse	Fairy	N/A	101	72	72	99	89	29
684	Swirlix	Fairy	N/A	62	48	66	59	57	49
685	Slurpuff	Fairy	N/A	82	80	86	85	75	72
686	Inkay	Dark	Psychic	53	54	53	37	46	45
687	Malamar	Dark	Psychic	86	92	88	68	75	73
688	Binacle	Rock	Water	42	52	67	39	56	50
689	Barbaracle	Rock	Water	72	105	115	54	86	68
690	Skrelp	Poison	Water	50	60	60	60	60	30
691	Dragalge	Poison	Dragon	65	75	90	97	123	44
692	Clauncher	Water	N/A	50	53	62	58	63	44
693	Clawitzer	Water	N/A	71	73	88	120	89	59
694	Helioptile	Electric	Normal	44	38	33	61	43	70
695	Heliolisk	Electric	Normal	62	55	52	109	94	109
696	Tyrunt	Rock	Dragon	58	89	77	45	45	48
697	Tyrantrum	Rock	Dragon	82	121	119	69	59	71
698	Amaura	Rock	Ice	77	59	50	67	63	46
699	Aurorus	Rock	Ice	123	77	72	99	92	58
700	Sylveon	Fairy	N/A	95	65	65	110	130	60
701	Hawlucha	Fighting	Flying	78	92	75	74	63	118
702	Dedenne	Electric	Fairy	67	58	57	81	67	101
703	Carbink	Rock	Fairy	50	50	150	50	150	50
704	Goomy	Dragon	N/A	45	50	35	55	75	40
705	Sliggoo	Dragon	N/A	68	75	53	83	113	60
706	Goodra	Dragon	N/A	90	100	70	110	150	80
707	Klefki	Steel	Fairy	57	80	91	80	87	75
708	Phantump	Ghost	Grass	43	70	48	50	60	38
709	Trevenant	Ghost	Grass	85	110	76	65	82	56
710-Average	Pumpkaboo - Average	Ghost	Grass	49	66	70	44	55	51
710-Small	Pumpkaboo - Small	Ghost	Grass	44	66	70	44	55	56
710-Large	Pumpkaboo - Large	Ghost	Grass	54	66	70	44	55	46
710-Super	Pumpkaboo - Super	Ghost	Grass	59	66	70	44	55	41
711-Average	Gourgeist - Average	Ghost	Grass	65	90	122	58	75	84
711-Small	Gourgeist - Small	Ghost	Grass	55	85	122	58	75	99
711-Large	Gourgeist - Large	Ghost	Grass	75	95	122	58	75	69
711-Super	Gourgeist - Super	Ghost	Grass	85	100	122	58	75	54
712	Bergmite	Ice	N/A	55	69	85	32	35	28
713	Avalugg	Ice	N/A	95	117	184	44	46	28
714	Noibat	Flying	Dragon	40	30	35	45	40	55
715	Noivern	Flying	Dragon	85	70	80	97	80	123
716	Xerneas	Fairy	N/A	126	131	95	131	98	99
717	Yveltal	Dark	Flying	126	131	95	131	98	99
718	Zygarde	Dragon	Ground	108	100	121	81	95	95
719	Diancie	Rock	Fairy	50	100	150	100	150	50
720	Hoopa	Psychic	Ghost	80	110	60	150	130	70
721	Volcanion	Fire	Water	80	110	120	130	90	70
